"Line","Type","Content"
"4","NO_BLANK_BEFORE_HEADER","Prev: '- **Mô hình AI:** `qwen2.5vl:3b`' | This: - **Tổng số trang:** 585## TRANG 1"
"99","POSSIBLE_TRUNCATED_LINE","Line: 'Chươn' (followed by separator)"
"100","CORRUPT_SEPARATOR","---�ược tranh cãi, mong góp cách tiếp cận của ngành khoa học mới. Nó gồm 3 chương:"
"149","VERY_LONG_LINE","Length=891 | Thực tình, các bài viết này lúc đầu chỉ cốt viết ra để trả lời những băn khoăn của người viết, mà kh"
"188","VERY_LONG_LINE","Length=998 | Trước hết, văn hóa không phải là một vật. Không có một vật gì chỉ là văn hóa mà không đồng thời khôn"
"237","VERY_LONG_LINE","Length=963 | Trong định nghĩa này, không nói đến lịch sử, mà chỉ xét mặt bên ngoài của cái hiện tượng độc đáo man"
"246","VERY_LONG_LINE","Length=1194 | 2. Độ khúc xạ. Không có một phát minh, một khái niệm nào mà không trải qua những thay đổi, những cải"
"283","VERY_LONG_LINE","Length=815 | liên quan tới kĩ thuật làm chủ thế giới, biến đổi thế giới sao cho đáp ứng đòi hỏi của con người. Th"
"296","VERY_LONG_LINE","Length=1145 | ""Chúng ta chưa ở bước đầu của hậu lịch sử, chúng ta không ở kết thúc của thời tiền sử loài người, ch"
"439","VERY_LONG_LINE","Length=1253 | ái quốc"". Chữ ""quân"" chỉ người nuôi mình, không nhất thiết là vua (ông chồng là ""phu quân"") theo cái"
"504","VERY_LONG_LINE","Length=978 | từ tâm thức người dân bình thường, sự thống nhất không thể dựa trên lười kiếm theo quan niệm xưa của"
"515","VERY_LONG_LINE","Length=802 | Đây là một văn kiện có giá trị thế giới cho đến nay vẫn hoàn toàn hiện đại. Nguyễn Trãi trước UNESCO"
"552","VERY_LONG_LINE","Length=1180 | Trong cuộc tiếp thu văn hóa Trung Quốc, cả hai nước đều làm như nhau. Tiếp thu chủ động, chấp nhận đ"
"613","VERY_LONG_LINE","Length=1040 | văn hóa, không phải ngẫu nhiên mà có một ông vua tự xưng là Lý Phật tử. Duới thời Đinh, Tiền Lê, Lý,"
"637","VERY_LONG_LINE","Length=963 | 2.6. Đạo Thiên Chúa khi du nhập vào châu Mĩ hay châu Á, không còn là tôn giáo của những người bị áp "
"646","VERY_LONG_LINE","Length=973 | Từ thế kỉ XVI đến XVIII, đạo Thiên Chúa phát triển thuận lợi do cuộc nội chiến Trịnh-Nguyễn gây nên "
"742","VERY_LONG_LINE","Length=863 | Khi giai cấp vô sản châu Âu chủ trương ""Vô gia đình"", là xuất phát từ chính thực tế châu Âu. Từ sau "
"750","VERY_LONG_LINE","Length=1085 | Trong hoàn cảnh này, một gia đình riêng rẽ không tài nào tự mình trồng lúa nước được. Trước khi nước"
"763","VERY_LONG_LINE","Length=959 | Một người Việt Nam sinh ra đã tiếp thu nó trong tiếng hát ru của mẹ, lớn lên tham gia trong các trò "
"772","VERY_LONG_LINE","Length=955 | 6. Vì chế độ quân chủ Việt Nam xây dựng trên một biển công xã tự quản cho nên nó mang tính chất nước"
"805","VERY_LONG_LINE","Length=1224 | 7. Người Việt Nam có đôi bàn tay vàng. Chỉ cần dựa vào những tư liệu chắc chắn, vào thế kỉ IX, làng "
"814","VERY_LONG_LINE","Length=1306 | Theo Phạm Viết Muôn trong bài ""Báo tồn và phát triển các làng nghề truyền thống"" (14) làng nghề phần"
"838","VERY_LONG_LINE","Length=1104 | 8. Gia đình Việt Nam nói chung không giàu có nhưng rất gần bó. Ông cha Việt Nam không phải là một th"
"942","VERY_LONG_LINE","Length=1005 | Còn ở Việt Nam người Việt Nam có ý thức về thân phận mình. Người đầu tiên nêu lên được điều này với "
"1009","VERY_LONG_LINE","Length=1190 | Trong số các ruộng công này có loại ruộng tốt cấp cho binh lính để uy lạo công lao của họ. Có loại t"
"1016","VERY_LONG_LINE","Length=1437 | 7. Để đánh giá thái độ đối với thân phận cần có tiêu chuẩn, và tiêu chuẩn ấy theo thao tác luận là p"
"1036","VERY_LONG_LINE","Length=885 | Mỗi làng có đình là nơi tất cả những người đàn ông trên 18 tuổi được quyền họp để bàn công việc chun"
"1075","VERY_LONG_LINE","Length=1164 | 11. Cách mạng muốn xưng đáng với danh nghĩa của nó, tất yếu phải đổi mới thân phận. Chỉ có bằng cách"
"1095","VERY_LONG_LINE","Length=996 | Ý thức tôn trọng pháp luật là đặc điểm của tâm thức phương Tây, một đặc điểm quen thuộc với họ như k"
"1153","VERY_LONG_LINE","Length=983 | Cả hai dịch từ chữ ""individualism"" của Anh. Cá nhân luận khẳng định cá nhân có giá trị ở tự nó, khôn"
"1159","TRANG_MERGED_WITH_CONTENT","## TRANG 100"
"1168","TRANG_MERGED_WITH_CONTENT","## TRANG 101"
"1181","TRANG_MERGED_WITH_CONTENT","## TRANG 102"
"1194","TRANG_MERGED_WITH_CONTENT","## TRANG 103"
"1212","TRANG_MERGED_WITH_CONTENT","## TRANG 104"
"1224","TRANG_MERGED_WITH_CONTENT","## TRANG 105"
"1236","TRANG_MERGED_WITH_CONTENT","## TRANG 106"
"1247","TRANG_MERGED_WITH_CONTENT","## TRANG 107"
"1258","TRANG_MERGED_WITH_CONTENT","## TRANG 108"
"1263","VERY_LONG_LINE","Length=1251 | Trong hoàn cảnh mới của tình hình hiện nay phải có sự đổi mới về diện mạo. Phải chuyển nhân cách luậ"
"1267","TRANG_MERGED_WITH_CONTENT","## TRANG 109"
"1275","VERY_LONG_LINE","Length=858 | Thứ nhất, khi với những thành tựu mới của kỹ thuật, điện thoại, vô tuyến đến những bản xa xôi nhất, "
"1281","TRANG_MERGED_WITH_CONTENT","## TRANG 110"
"1295","TRANG_MERGED_WITH_CONTENT","## TRANG 111"
"1322","TRANG_MERGED_WITH_CONTENT","## TRANG 112"
"1345","TRANG_MERGED_WITH_CONTENT","## TRANG 113"
"1365","TRANG_MERGED_WITH_CONTENT","## TRANG 114"
"1370","VERY_LONG_LINE","Length=943 | Tôi có được cái may mắn sinh ra trong một gia đình khoa bảng, biết phần lớn các nhà Nho nổi tiếng mà"
"1375","TRANG_MERGED_WITH_CONTENT","## TRANG 115"
"1379","VERY_LONG_LINE","Length=970 | 1. Không ai có gan nói mình hiểu được văn hóa Trung Hoa. Nó là một thế giới mênh mông với ít nhất 5 "
"1384","TRANG_MERGED_WITH_CONTENT","## TRANG 116"
"1396","TRANG_MERGED_WITH_CONTENT","## TRANG 117"
"1401","VERY_LONG_LINE","Length=1073 | “Khang Hi tự điển” có non bốn vạn chữ, nhưng thông thường phải nhớ khoán trên ba ngàn chữ thì biết đ"
"1407","TRANG_MERGED_WITH_CONTENT","## TRANG 118"
"1410","VERY_LONG_LINE","Length=905 | <thường bị chia năm xẻ bảy. Cũng không phải thống nhất bằng kinh tế, văn hoá. Kiểu thống nhất của nó"
"1416","TRANG_MERGED_WITH_CONTENT","## TRANG 119"
"1421","VERY_LONG_LINE","Length=969 | Thầy tôi kể lại câu chuyện sau đây: Sau khi đỗ phó bảng, thầy tôi thấy chữ mình chưa Tàu, đi học với"
"1427","TRANG_MERGED_WITH_CONTENT","## TRANG 120"
"1439","TRANG_MERGED_WITH_CONTENT","## TRANG 121"
"1452","TRANG_MERGED_WITH_CONTENT","## TRANG 122"
"1457","VERY_LONG_LINE","Length=824 | 3. Cái nguyên lý chỉ phối chữ viết, họa và nhạc, cũng như nghệ thuật Trung Hoa là ""cái vô"". Cái vô l"
"1463","TRANG_MERGED_WITH_CONTENT","## TRANG 123"
"1474","TRANG_MERGED_WITH_CONTENT","## TRANG 124"
"1476","VERY_LONG_LINE","Length=805 | Quốc không treo lên tường trong khung gỗ cũng như tranh thế giới. Người ta cuộn nó lại như quyển sác"
"1484","TRANG_MERGED_WITH_CONTENT","## TRANG 125"
"1495","TRANG_MERGED_WITH_CONTENT","## TRANG 126"
"1500","VERY_LONG_LINE","Length=988 | 5. Một số đối lập giữa thức ăn Việt Nam với thức ăn Trung Quốc cũng cho ta thấy sự khác nhau. Tên th"
"1504","TRANG_MERGED_WITH_CONTENT","## TRANG 127"
"1511","VERY_LONG_LINE","Length=931 | "" Theo tôi, người của một nước đã tiếp thu văn hóa Hán, tôi có cảm tưởng như sau: Tôi chỉ xét những "
"1515","TRANG_MERGED_WITH_CONTENT","## TRANG 128"
"1528","TRANG_MERGED_WITH_CONTENT","## TRANG 129"
"1541","TRANG_MERGED_WITH_CONTENT","## TRANG 130"
"1555","TRANG_MERGED_WITH_CONTENT","## TRANG 131"
"1559","VERY_LONG_LINE","Length=1427 | 9.2. Cuộc đi thăm những di tích văn hóa ở Bắc Kinh gợi cho tôi một ấn tượng khó quên về một nền văn "
"1560","VERY_LONG_LINE","Length=1426 | 9.2. Cuộc đi thăm những di tích văn hóa ở Bắc Kinh gợi cho tôi một ấn tượng khó quên về một nền văn "
"1561","VERY_LONG_LINE","Length=1426 | 9.2. Cuộc đi thăm những di tích văn hóa ở Bắc Kinh gợi cho tôi một ấn tượng khó quên về một nền văn "
"1562","VERY_LONG_LINE","Length=1306 | 9.2. Cuộc đi thăm những di tích văn hóa ở Bắc Kinh gợi cho tôi một ấn tượng khó quên về một nền văn "
"1566","TRANG_MERGED_WITH_CONTENT","## TRANG 132"
"1579","TRANG_MERGED_WITH_CONTENT","## TRANG 133"
"1582","VERY_LONG_LINE","Length=918 | phán. Nạn phá rùng có phải là hiện thực không? Nếu không phải là hiện thực tại sao ngày nay nó làm c"
"1592","TRANG_MERGED_WITH_CONTENT","## TRANG 134"
"1606","TRANG_MERGED_WITH_CONTENT","## TRANG 135"
"1618","TRANG_MERGED_WITH_CONTENT","## TRANG 136"
"1627","TRANG_MERGED_WITH_CONTENT","## TRANG 137"
"1638","TRANG_MERGED_WITH_CONTENT","## TRANG 138"
"1649","TRANG_MERGED_WITH_CONTENT","## TRANG 139"
"1658","TRANG_MERGED_WITH_CONTENT","## TRANG 140"
"1669","TRANG_MERGED_WITH_CONTENT","## TRANG 141"
"1679","TRANG_MERGED_WITH_CONTENT","## TRANG 142"
"1696","TRANG_MERGED_WITH_CONTENT","## TRANG 143"
"1707","TRANG_MERGED_WITH_CONTENT","## TRANG 144"
"1712","VERY_LONG_LINE","Length=893 | Trong tiếp xúc chắc chắn có thay đổi, có bỏ những điều khi xưa cho là thích hợp nhưng nay không thíc"
"1718","TRANG_MERGED_WITH_CONTENT","## TRANG 145"
"1729","TRANG_MERGED_WITH_CONTENT","## TRANG 146"
"1741","TRANG_MERGED_WITH_CONTENT","## TRANG 147"
"1746","VERY_LONG_LINE","Length=927 | Mặt khác, văn hóa Hán không chỉ vào ba nước Việt Nam, Triều Tiên, Nhật Bản bằng con đường chính thốn"
"1752","TRANG_MERGED_WITH_CONTENT","## TRANG 148"
"1761","TRANG_MERGED_WITH_CONTENT","## TRANG 149"
"1772","TRANG_MERGED_WITH_CONTENT","## TRANG 150"
"1785","TRANG_MERGED_WITH_CONTENT","## TRANG 151"
"1798","TRANG_MERGED_WITH_CONTENT","## TRANG 152"
"1806","TRANG_MERGED_WITH_CONTENT","## TRANG 153"
"1813","TRANG_MERGED_WITH_CONTENT","## TRANG 154"
"1826","TRANG_MERGED_WITH_CONTENT","## TRANG 155"
"1831","VERY_LONG_LINE","Length=1138 | Thái độ gay gắt này có lý do chính đáng. Đa số người Cách mạng Trung Quốc và ở Việt Nam đang lo tìm "
"1835","TRANG_MERGED_WITH_CONTENT","## TRANG 156"
"1842","VERY_LONG_LINE","Length=932 | Mác không nói gì tới các biện pháp cụ thể để xây dựng CNXH, mà chỉ nói đến biện pháp để giành lấy ch"
"1846","TRANG_MERGED_WITH_CONTENT","## TRANG 157"
"1859","TRANG_MERGED_WITH_CONTENT","## TRANG 158"
"1870","TRANG_MERGED_WITH_CONTENT","## TRANG 159"
"1887","TRANG_MERGED_WITH_CONTENT","## TRANG 160"
"1898","TRANG_MERGED_WITH_CONTENT","## TRANG 161"
"1910","TRANG_MERGED_WITH_CONTENT","## TRANG 162"
"1929","TRANG_MERGED_WITH_CONTENT","## TRANG 163"
"1931","VERY_LONG_LINE","Length=1385 | tham gia vào chính trị. Nó không chống lại những ham<br>muốn bình thường để vạch ra một ranh giới kh"
"1937","TRANG_MERGED_WITH_CONTENT","## TRANG 164"
"1960","TRANG_MERGED_WITH_CONTENT","## TRANG 165"
"1982","TRANG_MERGED_WITH_CONTENT","## TRANG 166"
"2002","TRANG_MERGED_WITH_CONTENT","## TRANG 167"
"2021","TRANG_MERGED_WITH_CONTENT","## TRANG 168"
"2036","TRANG_MERGED_WITH_CONTENT","## TRANG 169"
"2047","TRANG_MERGED_WITH_CONTENT","## TRANG 170"
"2065","TRANG_MERGED_WITH_CONTENT","## TRANG 171"
"2080","TRANG_MERGED_WITH_CONTENT","## TRANG 172"
"2108","TRANG_MERGED_WITH_CONTENT","## TRANG 173"
"2126","TRANG_MERGED_WITH_CONTENT","## TRANG 174"
"2130","VERY_LONG_LINE","Length=877 | Cho đến nay việc giải thích, theo tôi chẳng ăn khớp gì với học thuyết của Khổng tử cả, bởi vì trong "
"2136","TRANG_MERGED_WITH_CONTENT","## TRANG 175"
"2147","TRANG_MERGED_WITH_CONTENT","## TRANG 176"
"2151","VERY_LONG_LINE","Length=887 | Nếu ta xét nội dung của từng khái niệm đã được Khổng tử xác định về Lễ, Nhân, Nghĩa, Hiếu, Đễ, Trung"
"2157","TRANG_MERGED_WITH_CONTENT","## TRANG 177"
"2174","TRANG_MERGED_WITH_CONTENT","## TRANG 178"
"2195","TRANG_MERGED_WITH_CONTENT","## TRANG 179"
"2198","VERY_LONG_LINE","Length=1007 | xẹ ngựa), thư (sách), và khoa học về các con số. Nó công phu và tốn kém nên chỉ dành cho quý tộc, kh"
"2205","TRANG_MERGED_WITH_CONTENT","## TRANG 180"
"2220","TRANG_MERGED_WITH_CONTENT","## TRANG 181"
"2225","VERY_LONG_LINE","Length=909 | Một triết học là phản ánh cụ thể những nguyện vọng của một giai đoạn cụ thể. Do đó, tất yếu triết họ"
"2231","TRANG_MERGED_WITH_CONTENT","## TRANG 182"
"2236","VERY_LONG_LINE","Length=954 | Dưới một chế độ phong kiến phân quyền như vậy, quyền lực của thiên tử cũng như của các vua chư hầu b"
"2242","TRANG_MERGED_WITH_CONTENT","## TRANG 183"
"2247","VERY_LONG_LINE","Length=881 | Từ khi Khổng tử còn sống (-555 đến -479) cho đến năm -140 học thuyết của ông chẳng qua chỉ là một ch"
"2251","TRANG_MERGED_WITH_CONTENT","## TRANG 184"
"2262","TRANG_MERGED_WITH_CONTENT","## TRANG 185"
"2267","VERY_LONG_LINE","Length=1013 | Lưu Bang đã khôn khéo chọn Khổng giáo, do chỗ Khổng giáo duy lý hóa ở cái tâm thức có sẵn của nhân d"
"2273","TRANG_MERGED_WITH_CONTENT","## TRANG 186"
"2276","VERY_LONG_LINE","Length=849 | dất nước giàu có, yên ổn nhưng lại muốn noi gương Tần Thủy Hoàng, mở rộng đất đai, tu tiên, sống xa "
"2284","TRANG_MERGED_WITH_CONTENT","## TRANG 187"
"2299","TRANG_MERGED_WITH_CONTENT","## TRANG 188"
"2314","TRANG_MERGED_WITH_CONTENT","## TRANG 189"
"2319","VERY_LONG_LINE","Length=1074 | Nhưng nếu ta chỉ căn cứ vào lý luận mà xét thì không thể cắt nghĩa được tại sao Nho giáo này lại tồn"
"2323","TRANG_MERGED_WITH_CONTENT","## TRANG 190"
"2334","TRANG_MERGED_WITH_CONTENT","## TRANG 191"
"2353","TRANG_MERGED_WITH_CONTENT","## TRANG 192"
"2365","TRANG_MERGED_WITH_CONTENT","## TRANG 193"
"2382","TRANG_MERGED_WITH_CONTENT","## TRANG 194"
"2397","TRANG_MERGED_WITH_CONTENT","## TRANG 195"
"2400","VERY_LONG_LINE","Length=803 | tôn ty luận thời cổ đối lập với chế độ dân chủ ngày nay. Nó lo bảo vệ một tôn ty đã được xác lập xon"
"2408","TRANG_MERGED_WITH_CONTENT","## TRANG 196"
"2423","TRANG_MERGED_WITH_CONTENT","## TRANG 197"
"2430","VERY_LONG_LINE","Length=884 | (3) Học thuyết ấy cản trở sự phát triển của cá nhân. Một cá nhân trong một xã hội theo Khổng giáo bị"
"2436","TRANG_MERGED_WITH_CONTENT","## TRANG 198"
"2449","TRANG_MERGED_WITH_CONTENT","## TRANG 199"
"2462","TRANG_MERGED_WITH_CONTENT","## TRANG 200"
"2477","TRANG_MERGED_WITH_CONTENT","## TRANG 201"
"2494","TRANG_MERGED_WITH_CONTENT","## TRANG 202"
"2505","TRANG_MERGED_WITH_CONTENT","## TRANG 203"
"2508","VERY_LONG_LINE","Length=814 | <thế kỷ XVI. Họ vừa bị chính quyền trong nước thuộc di tộc ngờ vực, vừa bị chính quyền thực dân chèn"
"2514","TRANG_MERGED_WITH_CONTENT","## TRANG 204"
"2529","TRANG_MERGED_WITH_CONTENT","## TRANG 205"
"2541","TRANG_MERGED_WITH_CONTENT","## TRANG 206"
"2559","TRANG_MERGED_WITH_CONTENT","## TRANG 207"
"2578","TRANG_MERGED_WITH_CONTENT","## TRANG 208"
"2583","VERY_LONG_LINE","Length=1108 | Khái niệm tiến bộ dựa trên sản xuất vật chất trở thành vô nghĩa không kém. Một chiếc tàu hỏa chở đượ"
"2589","TRANG_MERGED_WITH_CONTENT","## TRANG 209"
"2604","TRANG_MERGED_WITH_CONTENT","## TRANG 210"
"2625","TRANG_MERGED_WITH_CONTENT","## TRANG 211"
"2638","TRANG_MERGED_WITH_CONTENT","## TRANG 212"
"2643","VERY_LONG_LINE","Length=830 | Trong chương này, chúng tôi không đề cập đến chuyện khen hay chê. Chúng tôi xét độ khúc xạ của Nho g"
"2647","TRANG_MERGED_WITH_CONTENT","## TRANG 213"
"2659","TRANG_MERGED_WITH_CONTENT","## TRANG 214"
"2664","VERY_LONG_LINE","Length=908 | 2. Khái niệm ""khúc xạ"" (réfraction) là lấy ở vật lý học. Nó chỉ một tia ánh sáng khi đi qua một vật "
"2668","TRANG_MERGED_WITH_CONTENT","## TRANG 215"
"2675","TRANG_MERGED_WITH_CONTENT","## TRANG 216"
"2679","VERY_LONG_LINE","Length=907 | Những người nghiên cứu triết học có xu hướng đề cao quá đáng vai trò của các nhà tư tưởng, tưởng chừ"
"2685","TRANG_MERGED_WITH_CONTENT","## TRANG 217"
"2694","TRANG_MERGED_WITH_CONTENT","## TRANG 218"
"2699","VERY_LONG_LINE","Length=1171 | Trung Hoa không có truyền thống này. Không một nhà tư tưởng nào xây dựng tư tưởng mình theo mô hình "
"2703","TRANG_MERGED_WITH_CONTENT","## TRANG 219"
"2718","TRANG_MERGED_WITH_CONTENT","## TRANG 220"
"2723","VERY_LONG_LINE","Length=1115 | Khổng tử chắc chắn chịu ảnh hưởng những quan niệm này, nhưng thực tế ông không nói đến các quan hệ g"
"2728","TRANG_MERGED_WITH_CONTENT","## TRANG 221"
"2731","VERY_LONG_LINE","Length=933 | <thần, chuyện quái lạ. Cũng vậy khi ốm, ông không cùng bái quỷ thần. Khi dạy ""Kinh Thi"" trước những "
"2737","TRANG_MERGED_WITH_CONTENT","## TRANG 222"
"2750","TRANG_MERGED_WITH_CONTENT","## TRANG 223"
"2755","VERY_LONG_LINE","Length=1093 | 6. Đặc biệt, Khổng giáo không phải là một học thuyết cho mọi người. Trong thời đại phong kiến của Cổ"
"2761","TRANG_MERGED_WITH_CONTENT","## TRANG 224"
"2772","TRANG_MERGED_WITH_CONTENT","## TRANG 225"
"2777","VERY_LONG_LINE","Length=1049 | 9. Trước hết, nói đến môi trường tự nhiên của Trung Hoa vào thời Khổng tử. Lúc ấy, địa bàn Hán tộc c"
"2781","TRANG_MERGED_WITH_CONTENT","## TRANG 226"
"2788","TRANG_MERGED_WITH_CONTENT","## TRANG 227"
"2801","TRANG_MERGED_WITH_CONTENT","## TRANG 228"
"2806","VERY_LONG_LINE","Length=855 | Thứ hai, đất nước là của dân, không ai có thể muốn có gì mà chia cắt nó. Vua Trung Hoa đã bao lần ch"
"2812","TRANG_MERGED_WITH_CONTENT","## TRANG 229"
"2817","VERY_LONG_LINE","Length=1063 | Khổng giáo là một học thuyết không nói đến ""Tổ quốc"". Còn con người Việt Nam là con người tổ quốc lu"
"2821","TRANG_MERGED_WITH_CONTENT","## TRANG 230"
"2826","VERY_LONG_LINE","Length=1068 | Tôi nói đến hai khái niệm chủ chốt của Trung Quốc là ""Trung"" và ""Hiếu"". Chữ Trung của Trung Quốc chỉ"
"2830","TRANG_MERGED_WITH_CONTENT","## TRANG 231"
"2841","TRANG_MERGED_WITH_CONTENT","## TRANG 232"
"2846","VERY_LONG_LINE","Length=977 | Đạo Nho Việt Nam và đạo nho Trung Quốc đều lấy chữ ""Hiếu"" làm nên tăng. Nhưng nội dung hai chữ này r"
"2850","TRANG_MERGED_WITH_CONTENT","## TRANG 233"
"2855","VERY_LONG_LINE","Length=908 | Đây là lời trao đổi giữa một nhà Nho với một nhà Nho, cả hai đều nổi tiếng, và Nguyễn Trãi vâng theo"
"2861","TRANG_MERGED_WITH_CONTENT","## TRANG 234"
"2878","TRANG_MERGED_WITH_CONTENT","## TRANG 235"
"2894","TRANG_MERGED_WITH_CONTENT","## TRANG 236"
"2909","TRANG_MERGED_WITH_CONTENT","## TRANG 237"
"2914","VERY_LONG_LINE","Length=802 | Người Việt Nam cũng như người Đông Nam Á làm lúa nước. Làm lúa nước là làm một nông nghiệp cực kỳ ph"
"2920","TRANG_MERGED_WITH_CONTENT","## TRANG 238"
"2925","VERY_LONG_LINE","Length=1090 | Ta hãy xem Nho giáo bị khóc xạ như thế nào khi nhập vào cấu trúc làng xã. Nho giáo không thể nào phá"
"2931","TRANG_MERGED_WITH_CONTENT","## TRANG 239"
"2934","VERY_LONG_LINE","Length=1100 | Trung Hoa, người dân không có diện mạo trước bộ máy quan liêu triều đình. Bộ máy này trực tiếp bắt l"
"2940","TRANG_MERGED_WITH_CONTENT","## TRANG 240"
"2945","VERY_LONG_LINE","Length=820 | Nền văn hóa làng xã mới là nền tảng của tâm thức Việt Nam, không phải Nho giáo. Người Việt Nam đã ti"
"2949","TRANG_MERGED_WITH_CONTENT","## TRANG 241"
"2960","TRANG_MERGED_WITH_CONTENT","## TRANG 242"
"2965","VERY_LONG_LINE","Length=1127 | ""Cho tới gần đây, gia đình Trung Quốc là một vũ trụ vi mô, một nhà nước thu nhỏ lại. Gia đình chứ kh"
"2971","TRANG_MERGED_WITH_CONTENT","## TRANG 243"
"2976","VERY_LONG_LINE","Length=859 | Trong xã hội Việt Nam, đàn bà quản lý kinh tế, đàn bà đi chợ mua bán, đàn ông đi mua bán là bất đắc "
"2982","TRANG_MERGED_WITH_CONTENT","## TRANG 244"
"2993","TRANG_MERGED_WITH_CONTENT","## TRANG 245"
"2998","VERY_LONG_LINE","Length=938 | Chỉ riêng Việt Nam và Triều Tiên biết đi con đường khác, độc lập, không học ở ai hết. Con đường ấy l"
"3009","TRANG_MERGED_WITH_CONTENT","## TRANG 246"
"3023","TRANG_MERGED_WITH_CONTENT","## TRANG 247"
"3035","TRANG_MERGED_WITH_CONTENT","## TRANG 248"
"3046","TRANG_MERGED_WITH_CONTENT","## TRANG 249"
"3048","VERY_LONG_LINE","Length=1465 | thời độc lập. Nhu cầu tiếp thu văn hóa Hán ở Việt Nam cũng như ở Triều Tiên không phải do bạo lực, m"
"3052","TRANG_MERGED_WITH_CONTENT","## TRANG 250"
"3056","VERY_LONG_LINE","Length=1306 | Đến đời Trần, việc giáo dục đã chu đáo hơn. Ngoài phép thì Tam trường của chế độ trước nhà Trần mở k"
"3062","TRANG_MERGED_WITH_CONTENT","## TRANG 251"
"3077","TRANG_MERGED_WITH_CONTENT","## TRANG 252"
"3088","TRANG_MERGED_WITH_CONTENT","## TRANG 253"
"3093","VERY_LONG_LINE","Length=899 | Ai dạy? Muốn là thầy đồ, ít nhất phải là khóa sinh, tức là một người có đủ tư cách đi thi, đã học hế"
"3097","TRANG_MERGED_WITH_CONTENT","## TRANG 254"
"3103","TRANG_MERGED_WITH_CONTENT","## TRANG 255"
"3111","VERY_LONG_LINE","Length=1118 | cái phần gọi là ngữ pháp. Tôi đã học theo lối học này với cha tôi, nhưng dĩ nhiên cha tôi không giản"
"3117","TRANG_MERGED_WITH_CONTENT","## TRANG 256"
"3128","TRANG_MERGED_WITH_CONTENT","## TRANG 257"
"3133","VERY_LONG_LINE","Length=894 | ""Ngũ Kinh"" và ""Tứ Thư"" mà người Việt Nam học thuộc lòng là kèm theo những lời giải thích của Trình M"
"3137","TRANG_MERGED_WITH_CONTENT","## TRANG 258"
"3148","TRANG_MERGED_WITH_CONTENT","## TRANG 259"
"3155","VERY_LONG_LINE","Length=828 | Dưới đây trình bày cách trông coi việc giáo dục đời Nguyễn mà chúng ta có nhiều tài liệu hơn cả. Nó "
"3159","TRANG_MERGED_WITH_CONTENT","## TRANG 260"
"3172","TRANG_MERGED_WITH_CONTENT","## TRANG 261"
"3183","TRANG_MERGED_WITH_CONTENT","## TRANG 262"
"3188","VERY_LONG_LINE","Length=1002 | Trường thi được bình sĩ trông coi cẩn thận, cứ trung bình 1000 thí sinh có 300 lính, cùng với voi ng"
"3192","TRANG_MERGED_WITH_CONTENT","## TRANG 263"
"3205","TRANG_MERGED_WITH_CONTENT","## TRANG 264"
"3208","VERY_LONG_LINE","Length=873 | theo Chu Hi, về ""Kinh Xuân Thu"" theo Công-Dương Cao và Cốc-Lương Xích, về ""Lễ Ký"" theo Trần Hạo, về "
"3214","TRANG_MERGED_WITH_CONTENT","## TRANG 265"
"3219","VERY_LONG_LINE","Length=893 | Nó phải theo Đường vận tức là phải làm thơ bất cứ Đường luật kiểu Đỗ Phủ. Nhưng vấn của Hán Việt có "
"3223","TRANG_MERGED_WITH_CONTENT","## TRANG 266"
"3230","VERY_LONG_LINE","Length=951 | Trong ""sách văn"" đề ra là một câu hỏi nhà vua hỏi quan thần. Câu hỏi này lấy ở một chuyện đã xảy ra "
"3234","TRANG_MERGED_WITH_CONTENT","## TRANG 267"
"3241","VERY_LONG_LINE","Length=832 | Lối kiêng húy di nhiên cũng bất chước Trung Hoa, nhưng ở Việt Nam chỉ bắt đầu từ đời Trần, đời Lý về"
"3245","TRANG_MERGED_WITH_CONTENT","## TRANG 268"
"3252","VERY_LONG_LINE","Length=1039 | Tuy số người thi hương là hàng ngàn nhưng số người đỗ rất ít. Những người đỗ chia làm hai hạng là cử"
"3260","TRANG_MERGED_WITH_CONTENT","## TRANG 269"
"3265","VERY_LONG_LINE","Length=1171 | Những người đỗ cử nhân tiếp tục lên kinh đô thi hội. Số này rất ít, trong danh sách thí sinh từ 1822"
"3269","TRANG_MERGED_WITH_CONTENT","## TRANG 270"
"3280","TRANG_MERGED_WITH_CONTENT","## TRANG 271"
"3285","VERY_LONG_LINE","Length=879 | Thi hội đã có ít người thi, mà người đỗ cũng rất ít. Trong giai đoạn từ 1821 đến 1850 đến 1850 theo "
"3291","TRANG_MERGED_WITH_CONTENT","## TRANG 272"
"3295","VERY_LONG_LINE","Length=953 | Muốn có ảnh hưởng tới nhân dân, nhất thiết phải là người đỗ cao. Nếu không, lời nói mất trong lượng."
"3301","TRANG_MERGED_WITH_CONTENT","## TRANG 273"
"3316","TRANG_MERGED_WITH_CONTENT","## TRANG 274"
"3319","VERY_LONG_LINE","Length=1096 | Bộ ""Di sản Hán Nôm Việt Nam, thư mục đề yếu"" cho ta danh sách 5038 quyển. Ngoài những quyển đã phân "
"3325","TRANG_MERGED_WITH_CONTENT","## TRANG 275"
"3340","TRANG_MERGED_WITH_CONTENT","## TRANG 276"
"3351","TRANG_MERGED_WITH_CONTENT","## TRANG 277"
"3366","TRANG_MERGED_WITH_CONTENT","## TRANG 278"
"3379","TRANG_MERGED_WITH_CONTENT","## TRANG 279"
"3392","TRANG_MERGED_WITH_CONTENT","## TRANG 280"
"3417","TRANG_MERGED_WITH_CONTENT","## TRANG 281"
"3439","TRANG_MERGED_WITH_CONTENT","## TRANG 282"
"3470","TRANG_MERGED_WITH_CONTENT","## TRANG 283"
"3473","VERY_LONG_LINE","Length=1351 | Không những thế, bất cứ quyển nào dù là nói về địa lí, nông nghiệp, y dược học... thế nào cũng kèm t"
"3477","TRANG_MERGED_WITH_CONTENT","## TRANG 284"
"3494","TRANG_MERGED_WITH_CONTENT","## TRANG 285"
"3501","VERY_LONG_LINE","Length=889 | Xét về mặt khoa học, không kể y học và dược học là có nhiều đóng góp bởi vì nó gần với công việc nhà"
"3505","TRANG_MERGED_WITH_CONTENT","## TRANG 286"
"3516","TRANG_MERGED_WITH_CONTENT","## TRANG 287"
"3525","TRANG_MERGED_WITH_CONTENT","## TRANG 288"
"3532","VERY_LONG_LINE","Length=1014 | Con số 283 quyển gia phải thực ra không phản ảnh số lượng gia phải thực tế. Bởi vì ở Việt Nam, như t"
"3536","TRANG_MERGED_WITH_CONTENT","## TRANG 289"
"3548","TRANG_MERGED_WITH_CONTENT","## TRANG 290"
"3555","TRANG_MERGED_WITH_CONTENT","## TRANG 291"
"3589","TRANG_MERGED_WITH_CONTENT","## TRANG 292"
"3602","VERY_LONG_LINE","Length=845 | Như vậy là trong tâm thức của trí thức Việt Nam xưa, có thái độ tin vào bói toán và học theo một số "
"3608","TRANG_MERGED_WITH_CONTENT","## TRANG 293"
"3627","TRANG_MERGED_WITH_CONTENT","## TRANG 294"
"3642","TRANG_MERGED_WITH_CONTENT","## TRANG 295"
"3653","TRANG_MERGED_WITH_CONTENT","## TRANG 296"
"3680","TRANG_MERGED_WITH_CONTENT","## TRANG 297"
"3686","TRANG_MERGED_WITH_CONTENT","## TRANG 298"
"3699","TRANG_MERGED_WITH_CONTENT","## TRANG 299"
"3714","TRANG_MERGED_WITH_CONTENT","## TRANG 300"
"3733","TRANG_MERGED_WITH_CONTENT","## TRANG 301"
"3748","TRANG_MERGED_WITH_CONTENT","## TRANG 302"
"3764","TRANG_MERGED_WITH_CONTENT","## TRANG 303"
"3775","TRANG_MERGED_WITH_CONTENT","## TRANG 304"
"3786","TRANG_MERGED_WITH_CONTENT","## TRANG 305"
"3811","TRANG_MERGED_WITH_CONTENT","## TRANG 306"
"3827","TRANG_MERGED_WITH_CONTENT","## TRANG 307"
"3844","TRANG_MERGED_WITH_CONTENT","## TRANG 308"
"3859","TRANG_MERGED_WITH_CONTENT","## TRANG 309"
"3876","TRANG_MERGED_WITH_CONTENT","## TRANG 310"
"3887","TRANG_MERGED_WITH_CONTENT","## TRANG 311"
"3922","TRANG_MERGED_WITH_CONTENT","## TRANG 312"
"3957","TRANG_MERGED_WITH_CONTENT","## TRANG 313"
"3979","TRANG_MERGED_WITH_CONTENT","## TRANG 314"
"4012","TRANG_MERGED_WITH_CONTENT","## TRANG 315"
"4045","TRANG_MERGED_WITH_CONTENT","## TRANG 316"
"4072","TRANG_MERGED_WITH_CONTENT","## TRANG 317"
"4103","TRANG_MERGED_WITH_CONTENT","## TRANG 318"
"4135","TRANG_MERGED_WITH_CONTENT","## TRANG 319"
"4162","TRANG_MERGED_WITH_CONTENT","## TRANG 320"
"4193","TRANG_MERGED_WITH_CONTENT","## TRANG 321"
"4212","TRANG_MERGED_WITH_CONTENT","## TRANG 322"
"4245","TRANG_MERGED_WITH_CONTENT","## TRANG 323"
"4272","TRANG_MERGED_WITH_CONTENT","## TRANG 324"
"4301","TRANG_MERGED_WITH_CONTENT","## TRANG 325"
"4332","TRANG_MERGED_WITH_CONTENT","## TRANG 326"
"4361","TRANG_MERGED_WITH_CONTENT","## TRANG 327"
"4394","TRANG_MERGED_WITH_CONTENT","## TRANG 328"
"4425","TRANG_MERGED_WITH_CONTENT","## TRANG 329"
"4456","TRANG_MERGED_WITH_CONTENT","## TRANG 330"
"4491","TRANG_MERGED_WITH_CONTENT","## TRANG 331"
"4504","TRANG_MERGED_WITH_CONTENT","## TRANG 332"
"4511","VERY_LONG_LINE","Length=801 | Chúng tôi không xét những mặt của tín ngưỡng dân gian liên quan tới tín ngưỡng phồn thực, sự sùng bá"
"4517","TRANG_MERGED_WITH_CONTENT","## TRANG 333"
"4528","TRANG_MERGED_WITH_CONTENT","## TRANG 334"
"4541","TRANG_MERGED_WITH_CONTENT","## TRANG 335"
"4546","VERY_LONG_LINE","Length=932 | Một chi nhánh trở thành phái Khăn vàng (Hoàng càn). Trương Giác, học ""Thái bình kinh"" sáng lập ""Thái"
"4552","TRANG_MERGED_WITH_CONTENT","## TRANG 336"
"4562","TRANG_MERGED_WITH_CONTENT","## TRANG 337"
"4573","TRANG_MERGED_WITH_CONTENT","## TRANG 338"
"4582","TRANG_MERGED_WITH_CONTENT","## TRANG 339"
"4587","VERY_LONG_LINE","Length=804 | Đặc điểm khu biệt của nó là thuyết tu tiên. Thuyết này xuất phát từ ""Đạo Đức kinh""; ""Chính do giữ đư"
"4597","TRANG_MERGED_WITH_CONTENT","## TRANG 340"
"4610","TRANG_MERGED_WITH_CONTENT","## TRANG 341"
"4617","VERY_LONG_LINE","Length=1055 | 7. Trước khi nói đến độ khóc xạ của Đạo giáo ở Việt Nam, cần phải xét sự khác nhau giữa hai tâm thức"
"4621","TRANG_MERGED_WITH_CONTENT","## TRANG 342"
"4632","TRANG_MERGED_WITH_CONTENT","## TRANG 343"
"4649","TRANG_MERGED_WITH_CONTENT","## TRANG 344"
"4666","TRANG_MERGED_WITH_CONTENT","## TRANG 345"
"4671","VERY_LONG_LINE","Length=955 | Một là Đạo giáo Trung Hoa, dù có gốc gác dân gian, vẫn chuyển hóa thành một học thuyết mang tính chấ"
"4676","TRANG_MERGED_WITH_CONTENT","## TRANG 346"
"4689","TRANG_MERGED_WITH_CONTENT","## TRANG 347"
"4692","VERY_LONG_LINE","Length=812 | chính quyền. Lịch sử Việt Nam từ khi độc lập chỉ có Lý Chiêu Hoàng làm vua vài tháng (1224). Họ bị đ"
"4702","TRANG_MERGED_WITH_CONTENT","## TRANG 348"
"4705","VERY_LONG_LINE","Length=1120 | tín ngưỡng này xuất phát từ cơ sở linh hồn giáo của môi trường rừng núi. DNA thời cổ xưa nhất là một"
"4712","TRANG_MERGED_WITH_CONTENT","## TRANG 349"
"4725","TRANG_MERGED_WITH_CONTENT","## TRANG 350"
"4740","TRANG_MERGED_WITH_CONTENT","## TRANG 351"
"4753","TRANG_MERGED_WITH_CONTENT","## TRANG 352"
"4767","TRANG_MERGED_WITH_CONTENT","## TRANG 353"
"4778","TRANG_MERGED_WITH_CONTENT","## TRANG 354"
"4791","TRANG_MERGED_WITH_CONTENT","## TRANG 355"
"4808","TRANG_MERGED_WITH_CONTENT","## TRANG 356"
"4821","TRANG_MERGED_WITH_CONTENT","## TRANG 357"
"4832","TRANG_MERGED_WITH_CONTENT","## TRANG 358"
"4835","VERY_LONG_LINE","Length=973 | Hồng Lĩnh, sông Lam Giang. Đến đời Tấn, Quách Phác mới dựa vào Đạo giáo, viết Thanh nang kinh sáng l"
"4841","TRANG_MERGED_WITH_CONTENT","## TRANG 359"
"4852","TRANG_MERGED_WITH_CONTENT","## TRANG 360"
"4874","TRANG_MERGED_WITH_CONTENT","## TRANG 361"
"4887","TRANG_MERGED_WITH_CONTENT","## TRANG 362"
"4892","VERY_LONG_LINE","Length=1162 | Người mở đầu xu hướng này chính là Nguyễn Trãi. Trong Toàn tập của ông có đến 300 lượt dùng các từ n"
"4896","TRANG_MERGED_WITH_CONTENT","## TRANG 363"
"4901","VERY_LONG_LINE","Length=1042 | Vì bùa phép cấp cho các pháp sư một quyền lực gần như vô hạn cho nên quần chúng cho rằng họ có thể t"
"4905","TRANG_MERGED_WITH_CONTENT","## TRANG 364"
"4915","TRANG_MERGED_WITH_CONTENT","## TRANG 365"
"4920","VERY_LONG_LINE","Length=1009 | Vào đầu thế kỷ XX khi các phong trào yêu nước đều bị dập tắt, ở các tỉnh Nam Định, Thái Bình, Nghệ A"
"4926","TRANG_MERGED_WITH_CONTENT","## TRANG 366"
"4937","TRANG_MERGED_WITH_CONTENT","## TRANG 367"
"4952","TRANG_MERGED_WITH_CONTENT","## TRANG 368"
"4967","TRANG_MERGED_WITH_CONTENT","## TRANG 369"
"4972","VERY_LONG_LINE","Length=998 | Nhưng đó chỉ là về lí thuyết. Trong thực tế các vị thần cai quản thiên đình Đạo giáo Việt Nam là khá"
"4976","TRANG_MERGED_WITH_CONTENT","## TRANG 370"
"5000","TRANG_MERGED_WITH_CONTENT","## TRANG 371"
"5009","TRANG_MERGED_WITH_CONTENT","## TRANG 372"
"5027","TRANG_MERGED_WITH_CONTENT","## TRANG 373"
"5042","TRANG_MERGED_WITH_CONTENT","## TRANG 374"
"5059","TRANG_MERGED_WITH_CONTENT","## TRANG 375"
"5070","TRANG_MERGED_WITH_CONTENT","## TRANG 376"
"5083","TRANG_MERGED_WITH_CONTENT","## TRANG 377"
"5094","TRANG_MERGED_WITH_CONTENT","## TRANG 378"
"5107","TRANG_MERGED_WITH_CONTENT","## TRANG 379"
"5111","VERY_LONG_LINE","Length=855 | Trong Ghi chú về việc thờ cúng, Przyluski nói : Hương cũng như các màu chổi lợi, dầu xúc, hoa, các v"
"5118","TRANG_MERGED_WITH_CONTENT","## TRANG 380"
"5125","VERY_LONG_LINE","Length=866 | Cái gì ở đây cũng được lý tưởng hóa: vũ lí tưởng hóa cử chỉ, lá cây là thuốc, lá bùa đốt thành tro c"
"5129","TRANG_MERGED_WITH_CONTENT","## TRANG 381"
"5136","VERY_LONG_LINE","Length=882 | 7. Hát văn. Hát văn là một hình thức sinh hoạt âm nhạc gắn bó chặt chẽ với tục lên đồng, còn gọi là "
"5140","TRANG_MERGED_WITH_CONTENT","## TRANG 382"
"5153","TRANG_MERGED_WITH_CONTENT","## TRANG 383"
"5189","TRANG_MERGED_WITH_CONTENT","## TRANG 384"
"5209","TRANG_MERGED_WITH_CONTENT","## TRANG 385"
"5216","VERY_LONG_LINE","Length=838 | Mỗi điệu mưa tuân theo những quy tắc nghiêm ngặt, tùy theo các giá (Quan Lớn, ông Hoàng, các Cô, các"
"5222","TRANG_MERGED_WITH_CONTENT","## TRANG 386"
"5225","VERY_LONG_LINE","Length=1037 | Nha Trang, ở Phan Rang, Bà Rịa (Bế Ngãi) mà bia năm 1836 do Phan Thanh Giản viết ở Tháp Bà là văn tự"
"5231","TRANG_MERGED_WITH_CONTENT","## TRANG 387"
"5246","TRANG_MERGED_WITH_CONTENT","## TRANG 388"
"5257","TRANG_MERGED_WITH_CONTENT","## TRANG 389"
"5273","TRANG_MERGED_WITH_CONTENT","## TRANG 390"
"5278","VERY_LONG_LINE","Length=832 | Thứ hai, là cuộc sống no đủ, thấm phận bảo đảm và diện mạo được quý trọng. Cuộc sống thực tế còn xa "
"5286","TRANG_MERGED_WITH_CONTENT","## TRANG 391"
"5305","TRANG_MERGED_WITH_CONTENT","## TRANG 392"
"5315","TRANG_MERGED_WITH_CONTENT","## TRANG 393"
"5330","TRANG_MERGED_WITH_CONTENT","## TRANG 394"
"5341","TRANG_MERGED_WITH_CONTENT","## TRANG 395"
"5354","TRANG_MERGED_WITH_CONTENT","## TRANG 396"
"5371","TRANG_MERGED_WITH_CONTENT","## TRANG 397"
"5374","VERY_LONG_LINE","Length=1005 | Nam cũng như DNA có hội đua thuyền gắn liền với tín ngưỡng phồn thực, lễ cầu mưa, đồng thời là dịp đ"
"5380","TRANG_MERGED_WITH_CONTENT","## TRANG 398"
"5385","VERY_LONG_LINE","Length=937 | 4. Nói đến hội là nói đến vai trò của nữ. Cuộc sống ngày trước cách mạng bó hẹp vào gia đình họ hàng"
"5391","TRANG_MERGED_WITH_CONTENT","## TRANG 399"
"5404","TRANG_MERGED_WITH_CONTENT","## TRANG 400"
"5415","TRANG_MERGED_WITH_CONTENT","## TRANG 401"
"5428","TRANG_MERGED_WITH_CONTENT","## TRANG 402"
"5433","VERY_LONG_LINE","Length=1048 | Ngày Tết trước hết là ngày của gia đình. Người Việt Nam bất cứ ở đâu, làm nghề gì đều muốn về quê ăn"
"5437","TRANG_MERGED_WITH_CONTENT","## TRANG 403"
"5444","VERY_LONG_LINE","Length=1122 | Mọi xích mích năm qua đều phải xóa bỏ, phải đối xử với nhau một cách lí tưởng trong tình thân ái. Ai"
"5448","TRANG_MERGED_WITH_CONTENT","## TRANG 404"
"5467","TRANG_MERGED_WITH_CONTENT","## TRANG 405"
"5488","TRANG_MERGED_WITH_CONTENT","## TRANG 406"
"5503","TRANG_MERGED_WITH_CONTENT","## TRANG 407"
"5516","TRANG_MERGED_WITH_CONTENT","## TRANG 408"
"5529","TRANG_MERGED_WITH_CONTENT","## TRANG 409"
"5542","TRANG_MERGED_WITH_CONTENT","## TRANG 410"
"5544","VERY_LONG_LINE","Length=986 | làm cho đồng bằng bằng phẳng, xong xuôi vào thời đồ sắt như các nước DNA. Họ phải đắp những con đê n"
"5552","TRANG_MERGED_WITH_CONTENT","## TRANG 411"
"5565","TRANG_MERGED_WITH_CONTENT","## TRANG 412"
"5569","VERY_LONG_LINE","Length=1024 | Câu này của các sử gia Trung Quốc cần được đọc theo phiên âm mới đúng với văn hóa ĐNA mà hiện nay ta"
"5575","TRANG_MERGED_WITH_CONTENT","## TRANG 413"
"5590","TRANG_MERGED_WITH_CONTENT","## TRANG 414"
"5605","TRANG_MERGED_WITH_CONTENT","## TRANG 415"
"5618","TRANG_MERGED_WITH_CONTENT","## TRANG 416"
"5631","TRANG_MERGED_WITH_CONTENT","## TRANG 417"
"5654","TRANG_MERGED_WITH_CONTENT","## TRANG 418"
"5663","VERY_LONG_LINE","Length=936 | Khi đối phương đem quân sang xâm lược Việt Nam, nó dựa trên một đạo quân nhà nghề thông thạo chiến đ"
"5667","TRANG_MERGED_WITH_CONTENT","## TRANG 419"
"5684","TRANG_MERGED_WITH_CONTENT","## TRANG 420"
"5687","VERY_LONG_LINE","Length=805 | Khiêm để bẻ gậy cuộc tấn công xâm lược của địch. Trong khi địch tấn công ồ ạt, có khi phải tạm thời "
"5695","TRANG_MERGED_WITH_CONTENT","## TRANG 421"
"5706","TRANG_MERGED_WITH_CONTENT","## TRANG 422"
"5719","TRANG_MERGED_WITH_CONTENT","## TRANG 423"
"5732","TRANG_MERGED_WITH_CONTENT","## TRANG 424"
"5742","TRANG_MERGED_WITH_CONTENT","## TRANG 425"
"5749","VERY_LONG_LINE","Length=1027 | Không phải chỉ có Việt Nam thì hành đường lối này, nhưng cách thực hiện của Việt Nam có những điểm r"
"5757","TRANG_MERGED_WITH_CONTENT","## TRANG 426"
"5760","VERY_LONG_LINE","Length=1196 | cho một triều đại. Khi dòng họ và triều đại là đại biểu chân chính cho cuộc chiến tranh này thì triề"
"5766","TRANG_MERGED_WITH_CONTENT","## TRANG 427"
"5769","VERY_LONG_LINE","Length=962 | nạn, ai cứu được nước người ấy làm vua. Để cai trị làm chủ nhân dân Việt Nam phải có một tiêu chuẩn "
"5777","TRANG_MERGED_WITH_CONTENT","## TRANG 428"
"5798","TRANG_MERGED_WITH_CONTENT","## TRANG 429"
"5807","TRANG_MERGED_WITH_CONTENT","## TRANG 430"
"5822","TRANG_MERGED_WITH_CONTENT","## TRANG 431"
"5835","TRANG_MERGED_WITH_CONTENT","## TRANG 432"
"5844","TRANG_MERGED_WITH_CONTENT","## TRANG 433"
"5857","TRANG_MERGED_WITH_CONTENT","## TRANG 434"
"5868","TRANG_MERGED_WITH_CONTENT","## TRANG 435"
"5871","VERY_LONG_LINE","Length=828 | hệ với Trung Quốc, trước sau Việt Nam theo một chính sách không thay đổi: tự nhận mình là nước tiếp "
"5879","TRANG_MERGED_WITH_CONTENT","## TRANG 436"
"5892","TRANG_MERGED_WITH_CONTENT","## TRANG 437"
"5906","TRANG_MERGED_WITH_CONTENT","## TRANG 438"
"5919","TRANG_MERGED_WITH_CONTENT","## TRANG 439"
"5927","TRANG_MERGED_WITH_CONTENT","## TRANG 440"
"5942","TRANG_MERGED_WITH_CONTENT","## TRANG 441"
"5947","VERY_LONG_LINE","Length=840 | Văn hóa là một sự thay đổi có quá trình lịch sử rất lâu dài, nhưng đây là một sự thay đổi năng động "
"5953","TRANG_MERGED_WITH_CONTENT","## TRANG 442"
"5956","VERY_LONG_LINE","Length=1403 | quyết định chuyển hóa được văn hóa cũ theo con đường mới. Cách đây năm trăm năm, đã có một người như"
"5960","TRANG_MERGED_WITH_CONTENT","## TRANG 443"
"5973","TRANG_MERGED_WITH_CONTENT","## TRANG 444"
"5976","VERY_LONG_LINE","Length=1279 | tướng chủ đạo của văn hóa phương Tây là cá nhân luận. Cá nhân luận, không phải là chỉ nghĩ đến lợi í"
"5982","TRANG_MERGED_WITH_CONTENT","## TRANG 445"
"5987","VERY_LONG_LINE","Length=903 | Qua cách ứng xử của anh ta với tổ quốc và gia đình, anh ta có được một thân phận và một diện mạo. An"
"5991","TRANG_MERGED_WITH_CONTENT","## TRANG 446"
"5993","VERY_LONG_LINE","Length=1025 | Trong cách xưng hô của người Việt ta thấy tâm thức này. Với cha tôi là con, với anh tôi là em, nhưng"
"6001","TRANG_MERGED_WITH_CONTENT","## TRANG 447"
"6006","VERY_LONG_LINE","Length=1051 | Nhân cách luận Việt Nam lấy tổ quốc làm điểm quy chiếu. Người Việt Nam chỉ chấp nhận một chữ trung l"
"6010","TRANG_MERGED_WITH_CONTENT","## TRANG 448"
"6021","TRANG_MERGED_WITH_CONTENT","## TRANG 449"
"6026","VERY_LONG_LINE","Length=1141 | 2. Nhung tinh trang nuoc Viet Nam mat nuoc qua dle dang va nhung cuoc noi day lannay luot khac bi da"
"6034","TRANG_MERGED_WITH_CONTENT","## TRANG 450"
"6047","TRANG_MERGED_WITH_CONTENT","## TRANG 451"
"6060","TRANG_MERGED_WITH_CONTENT","## TRANG 452"
"6071","TRANG_MERGED_WITH_CONTENT","## TRANG 453"
"6086","TRANG_MERGED_WITH_CONTENT","## TRANG 454"
"6103","TRANG_MERGED_WITH_CONTENT","## TRANG 455"
"6116","TRANG_MERGED_WITH_CONTENT","## TRANG 456"
"6121","VERY_LONG_LINE","Length=890 | Cách mạng ở Việt Nam là đấu tranh giải phóng dân tộc chống thực dân phản động Pháp. Đây không phải l"
"6125","TRANG_MERGED_WITH_CONTENT","## TRANG 457"
"6140","TRANG_MERGED_WITH_CONTENT","## TRANG 458"
"6151","TRANG_MERGED_WITH_CONTENT","## TRANG 459"
"6168","TRANG_MERGED_WITH_CONTENT","## TRANG 460"
"6184","TRANG_MERGED_WITH_CONTENT","## TRANG 461"
"6195","TRANG_MERGED_WITH_CONTENT","## TRANG 462"
"6212","TRANG_MERGED_WITH_CONTENT","## TRANG 463"
"6217","VERY_LONG_LINE","Length=1121 | Mác và Enghen khi sáng lập học thuyết mới không nói đến chuyện tu dưỡng đạo đức mà nói đến quyền lợi"
"6221","TRANG_MERGED_WITH_CONTENT","## TRANG 464"
"6236","TRANG_MERGED_WITH_CONTENT","## TRANG 465"
"6247","TRANG_MERGED_WITH_CONTENT","## TRANG 466"
"6264","TRANG_MERGED_WITH_CONTENT","## TRANG 467"
"6278","TRANG_MERGED_WITH_CONTENT","## TRANG 468"
"6295","TRANG_MERGED_WITH_CONTENT","## TRANG 469"
"6306","TRANG_MERGED_WITH_CONTENT","## TRANG 470"
"6322","TRANG_MERGED_WITH_CONTENT","## TRANG 471"
"6335","TRANG_MERGED_WITH_CONTENT","## TRANG 472"
"6347","TRANG_MERGED_WITH_CONTENT","## TRANG 473"
"6362","TRANG_MERGED_WITH_CONTENT","## TRANG 474"
"6372","TRANG_MERGED_WITH_CONTENT","## TRANG 475"
"6387","TRANG_MERGED_WITH_CONTENT","## TRANG 476"
"6401","TRANG_MERGED_WITH_CONTENT","## TRANG 477"
"6405","VERY_LONG_LINE","Length=840 | 12. Đường lối chính trị của Hồ Chí Minh lấy Đoàn kết làm nền tảng. Chuyên đoàn kết nói thì dễ, nhưng"
"6410","TRANG_MERGED_WITH_CONTENT","## TRANG 478"
"6425","TRANG_MERGED_WITH_CONTENT","## TRANG 479"
"6440","TRANG_MERGED_WITH_CONTENT","## TRANG 480"
"6448","TRANG_MERGED_WITH_CONTENT","## TRANG 481"
"6455","TRANG_MERGED_WITH_CONTENT","## TRANG 482"
"6457","VERY_LONG_LINE","Length=898 | Xét về mặt lý luận, đối với văn học Việt Nam hiện nay, sự tiếp xúc văn học Việt - Pháp còn quan trọn"
"6465","TRANG_MERGED_WITH_CONTENT","## TRANG 483"
"6474","TRANG_MERGED_WITH_CONTENT","## TRANG 484"
"6485","TRANG_MERGED_WITH_CONTENT","## TRANG 485"
"6498","TRANG_MERGED_WITH_CONTENT","## TRANG 486"
"6503","VERY_LONG_LINE","Length=1267 | Thứ nhất, một Nho giáo được nâng lên địa vị quốc giáo, chiếm địa vị độc tôn, chứ không phải là một h"
"6507","TRANG_MERGED_WITH_CONTENT","## TRANG 487"
"6519","TRANG_MERGED_WITH_CONTENT","## TRANG 488"
"6522","VERY_LONG_LINE","Length=1351 | <thống này về hệ tư tưởng là độc nhất vô nhị trong lịch sử văn học thế giới. Mọi cuộc xâm lăng đều b"
"6526","TRANG_MERGED_WITH_CONTENT","## TRANG 489"
"6537","TRANG_MERGED_WITH_CONTENT","## TRANG 490"
"6548","TRANG_MERGED_WITH_CONTENT","## TRANG 491"
"6561","TRANG_MERGED_WITH_CONTENT","## TRANG 492"
"6565","VERY_LONG_LINE","Length=876 | Khái niệm tổ quốc gần như vắng mặt trong văn học pháp. Nó chỉ xuất hiện khi nước Pháp bị xâm lược, n"
"6571","TRANG_MERGED_WITH_CONTENT","## TRANG 493"
"6576","VERY_LONG_LINE","Length=1009 | 4. Tính toàn nhân loại của văn học Pháp là xuất phát từ truyền thống Hy-La, rồi truyền thống Thiên c"
"6580","TRANG_MERGED_WITH_CONTENT","## TRANG 494"
"6584","VERY_LONG_LINE","Length=1258 | Tính toàn nhân loại của nền văn học này biểu lộ ở điểm gần như không bao giờ nó tìm một nội dung đặc"
"6588","TRANG_MERGED_WITH_CONTENT","## TRANG 495"
"6601","TRANG_MERGED_WITH_CONTENT","## TRANG 496"
"6612","TRANG_MERGED_WITH_CONTENT","## TRANG 497"
"6627","TRANG_MERGED_WITH_CONTENT","## TRANG 498"
"6630","VERY_LONG_LINE","Length=947 | <thông ngôn giúp họ đàn áp người Việt để đổi lấy sâm banh, sữa bò và lạc thú xác thịt. Về phía Việt "
"6636","TRANG_MERGED_WITH_CONTENT","## TRANG 499"
"6649","TRANG_MERGED_WITH_CONTENT","## TRANG 500"
"6660","TRANG_MERGED_WITH_CONTENT","## TRANG 501"
"6671","TRANG_MERGED_WITH_CONTENT","## TRANG 502"
"6675","VERY_LONG_LINE","Length=987 | Để đối phó với một phong trào Đông du thứ hai, thực dân Pháp bắt buộc phải chính mình phổ biến văn h"
"6683","TRANG_MERGED_WITH_CONTENT","## TRANG 503"
"6694","TRANG_MERGED_WITH_CONTENT","## TRANG 504"
"6710","TRANG_MERGED_WITH_CONTENT","## TRANG 505"
"6719","TRANG_MERGED_WITH_CONTENT","## TRANG 506"
"6724","VERY_LONG_LINE","Length=829 | Trong khuôn khổ của sự hạn chế này, nhóm Tự lực văn đoàn tham gia vào phong trào cải cách về y phục,"
"6728","TRANG_MERGED_WITH_CONTENT","## TRANG 507"
"6737","TRANG_MERGED_WITH_CONTENT","## TRANG 508"
"6750","TRANG_MERGED_WITH_CONTENT","## TRANG 509"
"6761","TRANG_MERGED_WITH_CONTENT","## TRANG 510"
"6764","VERY_LONG_LINE","Length=1050 | Đương thời không dậy trong trường học. Nếu như nhà trường dạy văn học thế kỷ XVII khá kỹ thì thế kỷ "
"6772","TRANG_MERGED_WITH_CONTENT","## TRANG 511"
"6781","TRANG_MERGED_WITH_CONTENT","## TRANG 512"
"6796","TRANG_MERGED_WITH_CONTENT","## TRANG 513"
"6813","TRANG_MERGED_WITH_CONTENT","## TRANG 514"
"6827","TRANG_MERGED_WITH_CONTENT","## TRANG 515"
"6844","TRANG_MERGED_WITH_CONTENT","## TRANG 516"
"6857","TRANG_MERGED_WITH_CONTENT","## TRANG 517"
"6864","VERY_LONG_LINE","Length=828 | Ta có thể xem Tản Đà là người mở đầu cho loại thơ quảng cáo này. Ông khoe thơ, khoe tài, khoe giá tr"
"6870","TRANG_MERGED_WITH_CONTENT","## TRANG 518"
"6874","VERY_LONG_LINE","Length=995 | (2) Đã là hàng hóa thì phải mới, và cái mới ấy phải lộ liễu. Dù thời, phải dùng lý luận để chứng min"
"6879","TRANG_MERGED_WITH_CONTENT","## TRANG 519"
"6884","VERY_LONG_LINE","Length=971 | Trước hết, mọi đề tài trước đây không có đều xuất hiện: Chúa, Thượng đế, linh hồn, sự cứu rỗi linh h"
"6890","TRANG_MERGED_WITH_CONTENT","## TRANG 520"
"6901","TRANG_MERGED_WITH_CONTENT","## TRANG 521"
"6913","TRANG_MERGED_WITH_CONTENT","## TRANG 522"
"6917","VERY_LONG_LINE","Length=880 | Chính vì vậy mà người nào cũng thấy cô đơn, tủi nhục. Những chiêu bài họ đưa ra chính họ đều thấy là"
"6925","TRANG_MERGED_WITH_CONTENT","## TRANG 523"
"6937","TRANG_MERGED_WITH_CONTENT","## TRANG 524"
"6946","TRANG_MERGED_WITH_CONTENT","## TRANG 525"
"6960","TRANG_MERGED_WITH_CONTENT","## TRANG 526"
"6973","TRANG_MERGED_WITH_CONTENT","## TRANG 527"
"6984","TRANG_MERGED_WITH_CONTENT","## TRANG 528"
"6995","TRANG_MERGED_WITH_CONTENT","## TRANG 529"
"7006","TRANG_MERGED_WITH_CONTENT","## TRANG 530"
"7023","TRANG_MERGED_WITH_CONTENT","## TRANG 531"
"7036","TRANG_MERGED_WITH_CONTENT","## TRANG 532"
"7051","TRANG_MERGED_WITH_CONTENT","## TRANG 533"
"7057","VERY_LONG_LINE","Length=893 | Thứ nhất là sơn mài. Chúng ta đều biết tranh sơn mài là một cổng hiến nghệ thuật của Việt Nam vào vă"
"7063","TRANG_MERGED_WITH_CONTENT","## TRANG 534"
"7066","VERY_LONG_LINE","Length=1440 | dến giàu có những người lao động nghệ thuật, Việt Nam cần phải làm gì. Trước hết có một cái đã có tr"
"7070","TRANG_MERGED_WITH_CONTENT","## TRANG 535"
"7079","TRANG_MERGED_WITH_CONTENT","## TRANG 536"
"7082","VERY_LONG_LINE","Length=972 | Nhung nhìn chung, vẫn chưa có một biểu hiện văn hóa Việt Nam nào đã nhập hẳn vào văn hóa hậu công ng"
"7089","TRANG_MERGED_WITH_CONTENT","## TRANG 537"
"7093","VERY_LONG_LINE","Length=1248 | Nếu ta điểm qua những ngành nghệ thuật Việt Nam đã có mặt trên diễn đàn văn hóa thế giới thì có thể "
"7097","TRANG_MERGED_WITH_CONTENT","## TRANG 538"
"7106","TRANG_MERGED_WITH_CONTENT","## TRANG 539"
"7114","TRANG_MERGED_WITH_CONTENT","## TRANG 540"
"7116","VERY_LONG_LINE","Length=1394 | cũng phải học, từ khách sạn, buôn bán, du lịch, cho đến làm khoa học. Nếu không, nhà mình xây người "
"7122","TRANG_MERGED_WITH_CONTENT","## TRANG 541"
"7125","VERY_LONG_LINE","Length=1221 | Trong văn hóa như thế nào thì trong kinh tế cũng thế. Dù cho người nước ngoài đầu tư ở Việt Nam đông"
"7130","TRANG_MERGED_WITH_CONTENT","## TRANG 542"
"7141","TRANG_MERGED_WITH_CONTENT","## TRANG 543"
"7198","TRANG_MERGED_WITH_CONTENT","## TRANG 544"
"7209","TRANG_MERGED_WITH_CONTENT","## TRANG 545"
"7218","TRANG_MERGED_WITH_CONTENT","## TRANG 546"
"7221","VERY_LONG_LINE","Length=1111 | sau đó tuỳ cương vị của tôi trong xã hội mà tôi là cán bộ, đảng viên, lính hay tướng... Tuỳ theo các"
"7227","TRANG_MERGED_WITH_CONTENT","## TRANG 547"
"7232","VERY_LONG_LINE","Length=1209 | Nhân cách là cái phạm trù có mặt trong mọi xã hội, dù cho nó cao hay thấp đến đâu, là cái mọi con ng"
"7236","TRANG_MERGED_WITH_CONTENT","## TRANG 548"
"7239","VERY_LONG_LINE","Length=868 | những trung thần, những người thủy chung vì cái họ cho là đạo nghĩa. Nếu như họ không có ảnh hưởng v"
"7245","TRANG_MERGED_WITH_CONTENT","## TRANG 549"
"7250","VERY_LONG_LINE","Length=1014 | Dù cho xã hội là tổng thể luận hay cá nhân luận, thì cái không thay đổi trong mọi xã hội là sự quý t"
"7256","TRANG_MERGED_WITH_CONTENT","## TRANG 550"
"7265","TRANG_MERGED_WITH_CONTENT","## TRANG 551"
"7269","VERY_LONG_LINE","Length=943 | Thế giới đang khủng hoảng sâu sắc về nhân cách. Khi cá nhân luận phát triển lệch lạc, con người lao "
"7277","TRANG_MERGED_WITH_CONTENT","## TRANG 552"
"7290","TRANG_MERGED_WITH_CONTENT","## TRANG 553"
"7295","VERY_LONG_LINE","Length=854 | Cả ba đặc điểm này đều từ ngoài vào, không phải có sẵn trong tư tưởng dân tộc, nhưng những mầm mống "
"7301","TRANG_MERGED_WITH_CONTENT","## TRANG 554"
"7315","TRANG_MERGED_WITH_CONTENT","## TRANG 555"
"7334","TRANG_MERGED_WITH_CONTENT","## TRANG 556"
"7339","VERY_LONG_LINE","Length=867 | Những điều dưới đây là rút ra từ chương ""Trí thức Việt Nam xưa với văn hóa"" trong quyển ""Tiếp xúc vă"
"7345","TRANG_MERGED_WITH_CONTENT","## TRANG 557"
"7350","VERY_LONG_LINE","Length=1150 | Phần còn lại theo những mục như sau: Chính trị 99 quyển nói về bang giao, quan chức; Địa lý 267 quyể"
"7356","TRANG_MERGED_WITH_CONTENT","## TRANG 558"
"7361","VERY_LONG_LINE","Length=1192 | Phải thay đổi cách nhìn theo con đường kỹ thuật của phương Tây, tức phải là phá vỡ cái truyền thống "
"7367","TRANG_MERGED_WITH_CONTENT","## TRANG 559"
"7371","VERY_LONG_LINE","Length=834 | Trước hết, trình bày qua các sách về pháp luật trong Viện Hán Nôm. Có 18 công trình về pháp luật trư"
"7379","TRANG_MERGED_WITH_CONTENT","## TRANG 560"
"7390","TRANG_MERGED_WITH_CONTENT","## TRANG 561"
"7401","TRANG_MERGED_WITH_CONTENT","## TRANG 562"
"7406","VERY_LONG_LINE","Length=903 | 9. Con đường đổi mới văn hóa Việt Nam, duy trì chủ nghĩa xã hội như vậy là dựa trên bốn thành tố: Ha"
"7412","TRANG_MERGED_WITH_CONTENT","## TRANG 563"
"7419","TRANG_MERGED_WITH_CONTENT","## TRANG 564"
"7428","VERY_LONG_LINE","Length=811 | Nước Việt Nam đã gia nhập ASEAN. Nhìn về kinh tế, ưu thế chưa phải về phía Việt Nam. Điều đó có thể "
"7432","TRANG_MERGED_WITH_CONTENT","## TRANG 565"
"7437","VERY_LONG_LINE","Length=1187 | Tôi xin nói về một điểm khác, thuộc phạm vi nghiên cứu của tôi: Văn hóa Việt Nam trong cơ chế thị tr"
"7441","TRANG_MERGED_WITH_CONTENT","## TRANG 566"
"7455","TRANG_MERGED_WITH_CONTENT","## TRANG 567"
"7457","VERY_LONG_LINE","Length=1375 | Việt Nam đã tiếp xúc và học tập được hai nền văn<br>hóa có uy tín nhất thế giới là văn hóa Trung Hoa"
"7461","TRANG_MERGED_WITH_CONTENT","## TRANG 568"
"7465","VERY_LONG_LINE","Length=827 | Tôi muốn nói đến bề dày văn hóa của người Việt Nam. Tôi đọc sách thuốc Trung Hoa thấy người Trung Ho"
"7471","TRANG_MERGED_WITH_CONTENT","## TRANG 569"
"7476","VERY_LONG_LINE","Length=939 | Con người khác nhau rất xa về học vấn, trí tuệ, nhưng thời gian sống dành cho mọi người không hơn nh"
"7480","TRANG_MERGED_WITH_CONTENT","## TRANG 570"
"7489","TRANG_MERGED_WITH_CONTENT","## TRANG 571"
"7491","VERY_LONG_LINE","Length=1481 | lời nhạc dựa theo nhạc Pháp khá sống sượng chẳng có<br>chút thi vị nào ? Riêng về mặt ngôn ngữ. Lời "
"7495","TRANG_MERGED_WITH_CONTENT","## TRANG 572"
"7500","VERY_LONG_LINE","Length=863 | Tôi đã đọc nhiều công trình coi thường sự đóng góp của giai đoạn 1933-1940. Tôi rất tiếc là các nhà "
"7504","TRANG_MERGED_WITH_CONTENT","## TRANG 573"
"7511","VERY_LONG_LINE","Length=1025 | Việt Nam không thể so sánh với ĐNA với những quần thể kiến trúc bậc nhất thế giới. Về điều khắc cổ c"
"7515","TRANG_MERGED_WITH_CONTENT","## TRANG 574"
"7524","TRANG_MERGED_WITH_CONTENT","## TRANG 575"
"7535","TRANG_MERGED_WITH_CONTENT","## TRANG 576"
"7540","VERY_LONG_LINE","Length=1027 | Đã thế, sự tiếp thu văn hóa là tiếp thu dòng thời. Nhưng văn hóa phương Tây hiện nay lại không phải "
"7544","TRANG_MERGED_WITH_CONTENT","## TRANG 577"
"7555","TRANG_MERGED_WITH_CONTENT","## TRANG 578"
"7560","VERY_LONG_LINE","Length=832 | Các tiểu thuyết này lúc đầu vào DNA qua người Hoa di cư rất đông đảo ở đây. Sau đó số người Hoa bắt "
"7564","TRANG_MERGED_WITH_CONTENT","## TRANG 579"
"7577","TRANG_MERGED_WITH_CONTENT","## TRANG 580"
"7586","TRANG_MERGED_WITH_CONTENT","## TRANG 581"
"7611","TRANG_MERGED_WITH_CONTENT","## TRANG 582"
"7630","TRANG_MERGED_WITH_CONTENT","## TRANG 583"
"7653","TRANG_MERGED_WITH_CONTENT","## TRANG 584"
"7660","TRANG_MERGED_WITH_CONTENT","## TRANG 585"
